"research_id","respondent_id","response_id","temperature","object","response_EN","originality_rating","utility_rating","surprise_rating"
"CESBP2016","BP20160001",20160017,NA,"book","plate",NA,NA,NA
"CESBP2016","BP20160001",20160018,NA,"book","send secret messages",NA,NA,NA
"CESBP2016","BP20160001",20160019,NA,"book","alternative for sex life",NA,NA,NA
"CESBP2016","BP20160001",20160020,NA,"book","resell",NA,NA,NA
"CESBP2016","BP20160007",20160053,NA,"book","file",NA,NA,NA
"CESBP2016","BP20160007",20160054,NA,"book","printing press",NA,NA,NA
"CESBP2016","BP20160007",20160055,NA,"book","to break in",NA,NA,NA
"CESBP2016","BP20160007",20160056,NA,"book","break someone's hand",NA,NA,NA
"CESBP2016","BP20160007",20160057,NA,"book","start a revolution",NA,NA,NA
"CESBP2016","BP20160009",20160111,NA,"book","splash",NA,NA,NA
"CESBP2016","BP20160009",20160112,NA,"book","bookend",NA,NA,NA
"CESBP2016","BP20160011",20160144,NA,"book","As a pillow",NA,NA,NA
"CESBP2016","BP20160011",20160145,NA,"book","headrest",NA,NA,NA
"CESBP2016","BP20160011",20160146,NA,"book","As an elevation (to stand on)",NA,NA,NA
"CESBP2016","BP20160011",20160147,NA,"book","As a weight, and you want to do muscle training",NA,NA,NA
"CESBP2016","BP20160011",20160148,NA,"book","You can fold airplanes from the loose pages",NA,NA,NA
"CESBP2016","BP20160011",20160149,NA,"book","And from the cardboard a mold for painting",NA,NA,NA
"CESBP2016","BP20160012",20160205,NA,"book","coaster",NA,NA,NA
"CESBP2016","BP20160012",20160206,NA,"book","headgear",NA,NA,NA
"CESBP2016","BP20160012",20160207,NA,"book","stairs",NA,NA,NA
"CESBP2016","BP20160012",20160208,NA,"book","brick",NA,NA,NA
"CESBP2016","BP20160012",20160209,NA,"book","decoration",NA,NA,NA
"CESBP2016","BP20160012",20160210,NA,"book","flowerpot",NA,NA,NA
"CESBP2016","BP20160012",20160211,NA,"book","toilet paper",NA,NA,NA
"CESBP2016","BP20160013",20160261,NA,"book","coaster",NA,NA,NA
"CESBP2016","BP20160013",20160262,NA,"book"," a stack of books as a bedside table",NA,NA,NA
"CESBP2016","BP20160013",20160263,NA,"book","as an umbrella against the rain",NA,NA,NA
"CESBP2016","BP20160014",20160341,NA,"book","read from",NA,NA,NA
"CESBP2016","BP20160014",20160342,NA,"book","Using it as a weapon (throwing it around).",NA,NA,NA
"CESBP2016","BP20160014",20160343,NA,"book","make noise with it",NA,NA,NA
"CESBP2016","BP20160014",20160344,NA,"book","you can write things down in it",NA,NA,NA
"CESBP2016","BP20160014",20160345,NA,"book","use as a coaster",NA,NA,NA
"CESBP2016","BP20160014",20160346,NA,"book","use as a step",NA,NA,NA
"CESBP2016","BP20160014",20160347,NA,"book","use as decoration (e.g. in your bookcase)",NA,NA,NA
"CESBP2016","BP20160014",20160348,NA,"book","to hide something in (e.g., a bill or a gum)",NA,NA,NA
"CESBP2016","BP20160014",20160349,NA,"book","as a cooler (flapping those leaves)",NA,NA,NA
"CESBP2016","BP20160014",20160350,NA,"book","you can also use it as a building block",NA,NA,NA
"CESBP2016","BP20160014",20160351,NA,"book","burn in the stove (as wood)",NA,NA,NA
"CESBP2016","BP20160015",20160425,NA,"book","elevation for your computer",NA,NA,NA
"CESBP2016","BP20160015",20160426,NA,"book","coaster",NA,NA,NA
"CESBP2016","BP20160015",20160427,NA,"book","table tennis pool",NA,NA,NA
"CESBP2016","BP20160015",20160428,NA,"book","you can hit someone with it",NA,NA,NA
"CESBP2016","BP20160015",20160429,NA,"book","you can drum on it",NA,NA,NA
"CESBP2016","BP20160015",20160430,NA,"book","use as a bookend",NA,NA,NA
"CESBP2016","BP20160015",20160431,NA,"book","cabinet padding",NA,NA,NA
"CESBP2016","BP20160015",20160432,NA,"book","you can put a book upright and peer behind it",NA,NA,NA
"CESBP2016","BP20160016",20160495,NA,"book","support for furniture",NA,NA,NA
"CESBP2016","BP20160016",20160496,NA,"book","coaster",NA,NA,NA
"CESBP2016","BP20160016",20160497,NA,"book","weight",NA,NA,NA
"CESBP2016","BP20160016",20160498,NA,"book","fire equipment",NA,NA,NA
"CESBP2016","BP20160016",20160499,NA,"book","decoration",NA,NA,NA
"CESBP2016","BP20160016",20160500,NA,"book","scrapbook",NA,NA,NA
"CESBP2016","BP20160016",20160501,NA,"book","side table",NA,NA,NA
"CESBP2016","BP20160017",20160561,NA,"book","throw",NA,NA,NA
"CESBP2016","BP20160017",20160562,NA,"book","catch",NA,NA,NA
"CESBP2016","BP20160017",20160563,NA,"book","buried",NA,NA,NA
"CESBP2016","BP20160017",20160564,NA,"book","excavate",NA,NA,NA
"CESBP2016","BP20160017",20160565,NA,"book","eat",NA,NA,NA
"CESBP2016","BP20160017",20160566,NA,"book","do not read",NA,NA,NA
"CESBP2016","BP20160017",20160567,NA,"book","tear up",NA,NA,NA
"CESBP2016","BP20160017",20160568,NA,"book","juggling",NA,NA,NA
"CESBP2016","BP20160017",20160569,NA,"book","write in it",NA,NA,NA
"CESBP2016","BP20160017",20160570,NA,"book","exchanging it for something nice",NA,NA,NA
"CESBP2016","BP20160017",20160571,NA,"book","build a house of books",NA,NA,NA
"CESBP2016","BP20160017",20160572,NA,"book","build a hut from books",NA,NA,NA
"CESBP2016","BP20160017",20160573,NA,"book","build a chair from books",NA,NA,NA
"CESBP2016","BP20160017",20160574,NA,"book","read backwards",NA,NA,NA
"CESBP2016","BP20160017",20160575,NA,"book","turn it into cigarettes",NA,NA,NA
"CESBP2016","BP20160018",20160651,NA,"book","to read ",NA,NA,NA
"CESBP2016","BP20160018",20160652,NA,"book","as a support pillar ",NA,NA,NA
"CESBP2016","BP20160018",20160653,NA,"book","as decoration in the room ",NA,NA,NA
"CESBP2016","BP20160018",20160654,NA,"book","to make a secret hiding place in ",NA,NA,NA
"CESBP2016","BP20160018",20160655,NA,"book","to hit someone with ",NA,NA,NA
"CESBP2016","BP20160018",20160656,NA,"book","to beat yourself up ",NA,NA,NA
"CESBP2016","BP20160018",20160657,NA,"book","to build a table ",NA,NA,NA
"CESBP2016","BP20160018",20160658,NA,"book","to build a wall with ",NA,NA,NA
"CESBP2016","BP20160018",20160659,NA,"book","to fill cabinets ",NA,NA,NA
"CESBP2016","BP20160018",20160660,NA,"book","to make fire with ",NA,NA,NA
"CESBP2016","BP20160018",20160661,NA,"book","make a chair out of it",NA,NA,NA
"CESBP2016","BP20160019",20160737,NA,"book","to read",NA,NA,NA
"CESBP2016","BP20160019",20160738,NA,"book","as a backing for something",NA,NA,NA
"CESBP2016","BP20160019",20160739,NA,"book","beautiful for decoration in room",NA,NA,NA
"CESBP2016","BP20160019",20160740,NA,"book","to explain a color",NA,NA,NA
"CESBP2016","BP20160019",20160741,NA,"book","to teach/learn someone something",NA,NA,NA
"CESBP2016","BP20160019",20160742,NA,"book","as a hat on your head",NA,NA,NA
"CESBP2016","BP20160019",20160743,NA,"book","to play with ",NA,NA,NA
"CESBP2016","BP20160019",20160744,NA,"book","To build with (several)",NA,NA,NA
"CESBP2016","BP20160019",20160745,NA,"book","to browse through ",NA,NA,NA
"CESBP2016","BP20160019",20160746,NA,"book","to tear out leaves",NA,NA,NA
"CESBP2016","BP20160019",20160747,NA,"book","to cut out",NA,NA,NA
"CESBP2016","BP20160019",20160748,NA,"book","to throw",NA,NA,NA
"CESBP2016","BP20160019",20160749,NA,"book","as the main foundation",NA,NA,NA
"CESBP2016","BP20160019",20160750,NA,"book","as a hole stopper",NA,NA,NA
"CESBP2016","BP20160019",20160751,NA,"book","To fill up the case ",NA,NA,NA
"CESBP2016","BP20160019",20160752,NA,"book","to register",NA,NA,NA
"CESBP2016","BP20160019",20160753,NA,"book","for inspiration",NA,NA,NA
"CESBP2016","BP20160020",20160845,NA,"book","read",NA,NA,NA
"CESBP2016","BP20160020",20160846,NA,"book","burn",NA,NA,NA
"CESBP2016","BP20160020",20160847,NA,"book","Tear out pages and throw them out the window like confetti",NA,NA,NA
"CESBP2016","BP20160020",20160848,NA,"book","write",NA,NA,NA
"CESBP2016","BP20160020",20160849,NA,"book","hit someone on the head",NA,NA,NA
"CESBP2016","BP20160020",20160850,NA,"book","clench hard as a statement",NA,NA,NA
"CESBP2016","BP20160020",20160851,NA,"book","standing on it as a stepping stone",NA,NA,NA
"CESBP2016","BP20160020",20160852,NA,"book","throw down",NA,NA,NA
"CESBP2016","BP20160020",20160853,NA,"book","sell",NA,NA,NA
"CESBP2016","BP20160020",20160854,NA,"book","Buy",NA,NA,NA
"CESBP2016","BP20160020",20160855,NA,"book","as a book stand to hang on the wall, bookcase of books",NA,NA,NA
"CESBP2016","BP20160020",20160856,NA,"book","put in the closet",NA,NA,NA
"CESBP2016","BP20160020",20160857,NA,"book","as an ornamental object in the room",NA,NA,NA
"CESBP2016","BP20160020",20160858,NA,"book","collect",NA,NA,NA
"CESBP2016","BP20160020",20160859,NA,"book","build a library",NA,NA,NA
"CESBP2016","BP20160020",20160860,NA,"book","study",NA,NA,NA
"CESBP2016","BP20160020",20160861,NA,"book","Mark in it",NA,NA,NA
"CESBP2016","BP20160020",20160862,NA,"book","reveal things",NA,NA,NA
"CESBP2016","BP20160020",20160863,NA,"book","refer to it",NA,NA,NA
"CESBP2016","BP20160020",20160864,NA,"book","sing out a song",NA,NA,NA
"CESBP2016","BP20160023",20160963,NA,"book","coaster",NA,NA,NA
"CESBP2016","BP20160023",20160964,NA,"book","board",NA,NA,NA
"CESBP2016","BP20160023",20160965,NA,"book","paint cloth",NA,NA,NA
"CESBP2016","BP20160023",20160966,NA,"book","hat",NA,NA,NA
"CESBP2016","BP20160023",20160967,NA,"book","raise something",NA,NA,NA
"CESBP2016","BP20160023",20160968,NA,"book","make music, a kind of drum it is",NA,NA,NA
"CESBP2016","BP20160023",20160969,NA,"book","so that the table is not slanted",NA,NA,NA
"CESBP2016","BP20160023",20160970,NA,"book","as a gift package",NA,NA,NA
"CESBP2016","BP20160024",20161052,NA,"book","coaster",NA,NA,NA
"CESBP2016","BP20160025",20161100,NA,"book","notebook",NA,NA,NA
"CESBP2016","BP20160025",20161101,NA,"book","chair",NA,NA,NA
"CESBP2016","BP20160025",20161102,NA,"book","table",NA,NA,NA
"CESBP2016","BP20160025",20161103,NA,"book","coaster",NA,NA,NA
"CESBP2016","BP20160025",20161104,NA,"book","shelf on the wall",NA,NA,NA
"CESBP2016","BP20160025",20161105,NA,"book","tunnel",NA,NA,NA
"CESBP2016","BP20160025",20161106,NA,"book","wrap",NA,NA,NA
"CESBP2016","BP20160025",20161107,NA,"book","embezzler",NA,NA,NA
"CESBP2016","BP20160026",20161150,NA,"book","support for furniture",NA,NA,NA
"CESBP2016","BP20160026",20161151,NA,"book","tear up paper as a way of stress relief",NA,NA,NA
"CESBP2016","BP20160026",20161152,NA,"book","to dye in",NA,NA,NA
"CESBP2016","BP20160026",20161153,NA,"book","separation for in a closet",NA,NA,NA
"CESBP2016","BP20160026",20161154,NA,"book","use as bookshelf",NA,NA,NA
"CESBP2016","BP20160026",20161155,NA,"book","gluing to the wall as decoration",NA,NA,NA
"CESBP2016","BP20160026",20161156,NA,"book","bookmaking: the sport",NA,NA,NA
"CESBP2016","BP20160027",20161199,NA,"book","doorstop",NA,NA,NA
"CESBP2016","BP20160027",20161200,NA,"book","to get the table legs even",NA,NA,NA
"CESBP2016","BP20160027",20161201,NA,"book","ladder",NA,NA,NA
"CESBP2016","BP20160027",20161202,NA,"book","smooth out crumpled papers",NA,NA,NA
"CESBP2016","BP20160027",20161203,NA,"book","make fire with it",NA,NA,NA
"CESBP2016","BP20160028",20161238,NA,"book","hit someone",NA,NA,NA
"CESBP2016","BP20160028",20161239,NA,"book","read out",NA,NA,NA
"CESBP2016","BP20160028",20161240,NA,"book","learn from",NA,NA,NA
"CESBP2016","BP20160028",20161241,NA,"book","task book",NA,NA,NA
"CESBP2016","BP20160028",20161242,NA,"book","in drawing",NA,NA,NA
"CESBP2016","BP20160029",20161283,NA,"book","weapon",NA,NA,NA
"CESBP2016","BP20160029",20161284,NA,"book","firelighter",NA,NA,NA
"CESBP2016","BP20160029",20161285,NA,"book","fuel (fireplace)",NA,NA,NA
"CESBP2016","BP20160029",20161286,NA,"book","toilet paper",NA,NA,NA
"CESBP2016","BP20160029",20161287,NA,"book","coaster",NA,NA,NA
"CESBP2016","BP20160030",20161342,NA,"book","E-reader",NA,NA,NA
"CESBP2016","BP20160030",20161343,NA,"book","radio with dj telling stories",NA,NA,NA
"CESBP2016","BP20160030",20161344,NA,"book","notebook with pen",NA,NA,NA
"CESBP2016","BP20160030",20161345,NA,"book","typewriters with paper",NA,NA,NA
"CESBP2016","BP20160030",20161346,NA,"book","TV",NA,NA,NA
"CESBP2016","BP20160030",20161347,NA,"book","pc",NA,NA,NA
"CESBP2016","BP20160030",20161348,NA,"book","laptop",NA,NA,NA
"CESBP2016","BP20160030",20161349,NA,"book","chalkboard ",NA,NA,NA
"CESBP2016","BP20160030",20161350,NA,"book","cd/dvd player with listening dvd",NA,NA,NA
"CESBP2016","BP20160030",20161351,NA,"book","portray",NA,NA,NA
"CESBP2016","BP20160030",20161352,NA,"book","Create theater piece",NA,NA,NA
"CESBP2016","BP20160030",20161353,NA,"book","Create film",NA,NA,NA
"CESBP2016","BP20160035",20161399,NA,"book","read",NA,NA,NA
"CESBP2016","BP20160035",20161400,NA,"book","stack to raise something",NA,NA,NA
"CESBP2016","BP20160035",20161401,NA,"book","put on paper for smoothing",NA,NA,NA
"CESBP2016","BP20160035",20161402,NA,"book","capture loose papers",NA,NA,NA
"CESBP2016","BP20160036",20161453,NA,"book","Building stacks with you",NA,NA,NA
"CESBP2016","BP20160036",20161454,NA,"book","bookend",NA,NA,NA
"CESBP2016","BP20160036",20161455,NA,"book","coaster",NA,NA,NA
"CESBP2016","BP20160036",20161456,NA,"book","build a labyrinth with it",NA,NA,NA
"CESBP2016","BP20160036",20161457,NA,"book","tear out a page and make a collage of it",NA,NA,NA
"CESBP2016","BP20160036",20161458,NA,"book","play dominoes with",NA,NA,NA
"CESBP2016","BP20160037",20161484,NA,"book","handkerchief",NA,NA,NA
"CESBP2016","BP20160037",20161485,NA,"book","coaster",NA,NA,NA
"CESBP2016","BP20160037",20161486,NA,"book","hat",NA,NA,NA
"CESBP2016","BP20160038",20161523,NA,"book","coaster",NA,NA,NA
"CESBP2016","BP20160038",20161524,NA,"book","raise something",NA,NA,NA
"CESBP2016","BP20160038",20161525,NA,"book","doorstop",NA,NA,NA
"CESBP2016","BP20160038",20161526,NA,"book","wall shelf",NA,NA,NA
"CESBP2016","BP20160039",20161559,NA,"book","read",NA,NA,NA
"CESBP2016","BP20160039",20161560,NA,"book","strike",NA,NA,NA
"CESBP2016","BP20160039",20161561,NA,"book","to keep fire going",NA,NA,NA
"CESBP2016","BP20160039",20161562,NA,"book","use as a building block",NA,NA,NA
"CESBP2016","BP20160039",20161563,NA,"book","put down as art",NA,NA,NA
"CESBP2016","BP20160039",20161564,NA,"book","get inspired",NA,NA,NA
"CESBP2016","BP20160040",20161602,NA,"book","bookend",NA,NA,NA
"CESBP2016","BP20160042",20161640,NA,"book","Beat",NA,NA,NA
"CESBP2016","BP20160042",20161641,NA,"book","sit on",NA,NA,NA
"CESBP2016","BP20160042",20161642,NA,"book","use as a pillow ",NA,NA,NA
"CESBP2016","BP20160042",20161643,NA,"book","use to elevate something",NA,NA,NA
"CESBP2016","BP20160042",20161644,NA,"book","use as a stool",NA,NA,NA
"CESBP2016","BP20160043",20161685,NA,"book","bookend",NA,NA,NA
"CESBP2016","BP20160043",20161686,NA,"book","fuel to keep the fire going",NA,NA,NA
"CESBP2016","BP20160043",20161687,NA,"book","folding airplanes",NA,NA,NA
"CESBP2016","BP20160043",20161688,NA,"book","cut a hole in it so that it becomes a secret store",NA,NA,NA
"CESBP2016","BP20160043",20161689,NA,"book","coaster",NA,NA,NA
"CESBP2016","BP20160043",20161690,NA,"book","wobbly table to straighten",NA,NA,NA
"CESBP2016","BP20160043",20161691,NA,"book","toilet paper",NA,NA,NA
"CESBP2016","BP20160044",20161731,NA,"book","Doorstop",NA,NA,NA
"CESBP2016","BP20160044",20161732,NA,"book","Fire Equipment",NA,NA,NA
"CESBP2016","BP20160044",20161733,NA,"book","raise something",NA,NA,NA
"CESBP2016","BP20160044",20161734,NA,"book","Scripture",NA,NA,NA
"CESBP2016","BP20160045",20161788,NA,"book","fire",NA,NA,NA
"CESBP2016","BP20160045",20161789,NA,"book","art",NA,NA,NA
"CESBP2016","BP20160045",20161790,NA,"book","raise the table",NA,NA,NA
"CESBP2016","BP20160045",20161791,NA,"book","space filling",NA,NA,NA
"CESBP2016","BP20160045",20161792,NA,"book","show off with a bookcase",NA,NA,NA
"CESBP2016","BP20160045",20161793,NA,"book","origami",NA,NA,NA
"CESBP2016","BP20160045",20161794,NA,"book","paper shreds for the surprise",NA,NA,NA
"CESBP2016","BP20160045",20161795,NA,"book","toilet paper",NA,NA,NA
"CESBP2016","BP20160045",20161796,NA,"book","diaper",NA,NA,NA
"CESBP2016","BP20160045",20161797,NA,"book","chagrin",NA,NA,NA
"CESBP2016","BP20160045",20161798,NA,"book","curtain",NA,NA,NA
"CESBP2016","BP20160046",20161866,NA,"book","bookmark",NA,NA,NA
"CESBP2016","BP20160046",20161867,NA,"book","book stand",NA,NA,NA
"CESBP2016","BP20160046",20161868,NA,"book","monitor stand",NA,NA,NA
"CESBP2016","BP20160046",20161869,NA,"book","doorstop",NA,NA,NA
"CESBP2016","BP20160046",20161870,NA,"book","toilet paper",NA,NA,NA
"CESBP2016","BP20160046",20161871,NA,"book","murder weapon",NA,NA,NA
"CESBP2016","BP20160046",20161872,NA,"book","sex toy",NA,NA,NA
"CESBP2016","BP20160046",20161873,NA,"book","mouse pad",NA,NA,NA
"CESBP2016","BP20160046",20161874,NA,"book","cushion",NA,NA,NA
"CESBP2016","BP20160046",20161875,NA,"book","chair",NA,NA,NA
"CESBP2016","BP20160046",20161876,NA,"book","image",NA,NA,NA
"CESBP2016","BP20160046",20161877,NA,"book","office",NA,NA,NA
"CESBP2016","BP20160047",20161937,NA,"book","doorstop",NA,NA,NA
"CESBP2016","BP20160047",20161938,NA,"book","coaster",NA,NA,NA
"CESBP2016","BP20160047",20161939,NA,"book","art to hang on the wall",NA,NA,NA
"CESBP2016","BP20160047",20161940,NA,"book","elevation for laptop",NA,NA,NA
"CESBP2016","BP20160047",20161941,NA,"book","as a weapon, throw",NA,NA,NA
"CESBP2016","BP20160047",20161942,NA,"book","build house for barbies",NA,NA,NA
"CESBP2016","BP20160047",20161943,NA,"book","parasol, shield from sun",NA,NA,NA
"CESBP2016","BP20160048",20161992,NA,"book","as a press to get something smooth",NA,NA,NA
"CESBP2016","BP20160048",20161993,NA,"book","read",NA,NA,NA
"CESBP2016","BP20160048",20161994,NA,"book","to register",NA,NA,NA
"CESBP2016","BP20160048",20161995,NA,"book","decoration in closet",NA,NA,NA
"CESBP2016","BP20160048",20161996,NA,"book","collect spokes",NA,NA,NA
"CESBP2016","BP20160048",20161997,NA,"book","build a children's house",NA,NA,NA
"CESBP2016","BP20160049",20162033,NA,"book","doorstop",NA,NA,NA
"CESBP2016","BP20160049",20162034,NA,"book","fan",NA,NA,NA
"CESBP2016","BP20160049",20162035,NA,"book","fuel",NA,NA,NA
"CESBP2016","BP20160049",20162036,NA,"book","a secret compartment of tinkering",NA,NA,NA
"CESBP2016","BP20160049",20162037,NA,"book","flyswatter",NA,NA,NA
"CESBP2016","BP20160050",20162090,NA,"book","when the toilet paper runs out use it",NA,NA,NA
"CESBP2016","BP20160050",20162091,NA,"book","nice tower to build",NA,NA,NA
"CESBP2016","BP20160050",20162092,NA,"book","Putting down a book behind that two, three and on.  Stairs for the kitty.",NA,NA,NA
"CESBP2016","BP20160050",20162093,NA,"book","wave coolness",NA,NA,NA
"CESBP2016","BP20160050",20162094,NA,"book","smash windows with",NA,NA,NA
"CESBP2016","BP20160050",20162095,NA,"book","thin book: as a flyswatter",NA,NA,NA
"CESBP2016","BP20160050",20162096,NA,"book","build a barricade on the street",NA,NA,NA
"CESBP2016","BP20160050",20162097,NA,"book","keep it open and thus form a V",NA,NA,NA
"CESBP2016","BP20160050",20162098,NA,"book","or an L",NA,NA,NA
"CESBP2016","BP20160051",20162112,NA,"book","remove pages cover",NA,NA,NA
"CESBP2016","BP20160051",20162113,NA,"book","a cardboard shelf, in a corner",NA,NA,NA
"CESBP2016","BP20160051",20162114,NA,"book","on your head against the sun",NA,NA,NA
"CESBP2016","BP20160051",20162115,NA,"book","raise something",NA,NA,NA
"CESBP2016","BP20160051",20162116,NA,"book","pan coaster",NA,NA,NA
"CESBP2016","BP20160051",20162117,NA,"book","kindling for fireplace",NA,NA,NA
"CESBP2016","BP20160051",20162118,NA,"book","paper can be used for everything from hat to scrap paper",NA,NA,NA
"CESBP2016","BP20160051",20162119,NA,"book","blowing as a fan",NA,NA,NA
"CESBP2016","BP20160051",20162120,NA,"book","for decoration in the house",NA,NA,NA
"CESBP2016","BP20160053",20162172,NA,"book","coaster",NA,NA,NA
"CESBP2016","BP20160053",20162173,NA,"book","board",NA,NA,NA
"CESBP2016","BP20160053",20162174,NA,"book","bookend",NA,NA,NA
"CESBP2016","BP20160053",20162175,NA,"book","to get fire going",NA,NA,NA
"CESBP2016","BP20160002",20167257,NA,"book","make sure paper doesn't blow away",NA,NA,NA
"CESBP2016","BP20160002",20167258,NA,"book","bath toy",NA,NA,NA
"CESBP2016","BP20160002",20167259,NA,"book","board",NA,NA,NA
"CESBP2016","BP20160002",20167260,NA,"book","cutting weapon",NA,NA,NA
"CESBP2016","BP20160002",20167261,NA,"book","fuel in the fireplace",NA,NA,NA
"CESBP2016","BP20160002",20167262,NA,"book","to read",NA,NA,NA
"CESBP2016","BP20160002",20167263,NA,"book","send secret messages",NA,NA,NA
"CESBP2016","BP20160002",20167264,NA,"book","to throw",NA,NA,NA
"CESBP2016","BP20160002",20167265,NA,"book","to the cycle",NA,NA,NA
"CESBP2016","BP20160002",20167266,NA,"book","float",NA,NA,NA
"CESBP2016","BP20160002",20167267,NA,"book","securing wobbly table",NA,NA,NA
"CESBP2016","BP20160002",20167268,NA,"book","ruler",NA,NA,NA
"CESBP2016","BP20160002",20167269,NA,"book","yoga stone",NA,NA,NA
"CESBP2016","BP20160002",20167270,NA,"book","scrap paper",NA,NA,NA
"CESBP2016","BP20160002",20167271,NA,"book","roof tile",NA,NA,NA
"CESBP2016","BP20160002",20167272,NA,"book","raise something",NA,NA,NA
"CESBP2016","BP20160001",20160005,NA,"fork","lever",NA,NA,NA
"CESBP2016","BP20160001",20160006,NA,"fork","murder weapon",NA,NA,NA
"CESBP2016","BP20160001",20160007,NA,"fork","bath toy",NA,NA,NA
"CESBP2016","BP20160001",20160008,NA,"fork","make fire with it",NA,NA,NA
"CESBP2016","BP20160007",20160038,NA,"fork","file",NA,NA,NA
"CESBP2016","BP20160007",20160039,NA,"fork","printing press",NA,NA,NA
"CESBP2016","BP20160007",20160040,NA,"fork","to break in",NA,NA,NA
"CESBP2016","BP20160007",20160041,NA,"fork","break someone's hand",NA,NA,NA
"CESBP2016","BP20160007",20160042,NA,"fork","start a revolution",NA,NA,NA
"CESBP2016","BP20160009",20160103,NA,"fork","comb",NA,NA,NA
"CESBP2016","BP20160009",20160104,NA,"fork","hair comb",NA,NA,NA
"CESBP2016","BP20160009",20160105,NA,"fork","stitching agent",NA,NA,NA
"CESBP2016","BP20160011",20160127,NA,"fork","As cable tray",NA,NA,NA
"CESBP2016","BP20160011",20160128,NA,"fork","If your fork is very sturdy you can use it as a herring",NA,NA,NA
"CESBP2016","BP20160011",20160129,NA,"fork","Or to hold other wires in a position with",NA,NA,NA
"CESBP2016","BP20160011",20160130,NA,"fork","You can injure someone with a fork (seems laborious to me)",NA,NA,NA
"CESBP2016","BP20160011",20160131,NA,"fork","Or scratch your name into a wall",NA,NA,NA
"CESBP2016","BP20160011",20160132,NA,"fork","If you bend it by heating it you can make a bracelet out of it",NA,NA,NA
"CESBP2016","BP20160012",20160173,NA,"fork","a knife",NA,NA,NA
"CESBP2016","BP20160012",20160174,NA,"fork","a spoon",NA,NA,NA
"CESBP2016","BP20160012",20160175,NA,"fork","a scraper",NA,NA,NA
"CESBP2016","BP20160012",20160176,NA,"fork","a screwdriver",NA,NA,NA
"CESBP2016","BP20160012",20160177,NA,"fork","wallpaper pickup",NA,NA,NA
"CESBP2016","BP20160012",20160178,NA,"fork","a stabbing weapon",NA,NA,NA
"CESBP2016","BP20160012",20160179,NA,"fork","a coat rack for barbie clothes",NA,NA,NA
"CESBP2016","BP20160012",20160180,NA,"fork","a broom",NA,NA,NA
"CESBP2016","BP20160012",20160181,NA,"fork","a toothbrush",NA,NA,NA
"CESBP2016","BP20160012",20160182,NA,"fork","a hole punch",NA,NA,NA
"CESBP2016","BP20160012",20160183,NA,"fork","knitting sticks",NA,NA,NA
"CESBP2016","BP20160013",20160240,NA,"fork","a comb",NA,NA,NA
"CESBP2016","BP20160013",20160241,NA,"fork","you can bend a fork and screw it to the wall and then hang a hanging plant from it",NA,NA,NA
"CESBP2016","BP20160013",20160242,NA,"fork","you can bend the tines of a fork so that it becomes a stand for name tags at a table",NA,NA,NA
"CESBP2016","BP20160013",20160243,NA,"fork","as a rake for raking the garden",NA,NA,NA
"CESBP2016","BP20160013",20160244,NA,"fork","as the key ",NA,NA,NA
"CESBP2016","BP20160013",20160245,NA,"fork","you can hold the window open with a fork so it doesn't blow shut ",NA,NA,NA
"CESBP2016","BP20160013",20160246,NA,"fork","weapon",NA,NA,NA
"CESBP2016","BP20160014",20160301,NA,"fork","food",NA,NA,NA
"CESBP2016","BP20160014",20160302,NA,"fork","bob",NA,NA,NA
"CESBP2016","BP20160014",20160303,NA,"fork","make noise",NA,NA,NA
"CESBP2016","BP20160014",20160304,NA,"fork","To put in your hair to hold your bun",NA,NA,NA
"CESBP2016","BP20160014",20160305,NA,"fork","carve something in wood/stone or the like.",NA,NA,NA
"CESBP2016","BP20160014",20160306,NA,"fork","comb your hair",NA,NA,NA
"CESBP2016","BP20160014",20160307,NA,"fork","rifle",NA,NA,NA
"CESBP2016","BP20160014",20160308,NA,"fork","cutting (instead of a knife)",NA,NA,NA
"CESBP2016","BP20160014",20160309,NA,"fork","as a toothpick",NA,NA,NA
"CESBP2016","BP20160014",20160310,NA,"fork","scratching your back",NA,NA,NA
"CESBP2016","BP20160014",20160311,NA,"fork","get dirt from under your nails",NA,NA,NA
"CESBP2016","BP20160015",20160395,NA,"fork","brush",NA,NA,NA
"CESBP2016","BP20160015",20160396,NA,"fork","weed whacker",NA,NA,NA
"CESBP2016","BP20160015",20160397,NA,"fork","back scraper",NA,NA,NA
"CESBP2016","BP20160015",20160398,NA,"fork","stick for garbage",NA,NA,NA
"CESBP2016","BP20160015",20160399,NA,"fork","catapult for shooting food",NA,NA,NA
"CESBP2016","BP20160015",20160400,NA,"fork","holder for your punk work",NA,NA,NA
"CESBP2016","BP20160015",20160401,NA,"fork","paper puncture",NA,NA,NA
"CESBP2016","BP20160015",20160402,NA,"fork","figure maker in dough for cookies",NA,NA,NA
"CESBP2016","BP20160015",20160403,NA,"fork","pressing the edges of the apple turnovers",NA,NA,NA
"CESBP2016","BP20160016",20160468,NA,"fork","weapon",NA,NA,NA
"CESBP2016","BP20160016",20160469,NA,"fork","hole puncher",NA,NA,NA
"CESBP2016","BP20160016",20160470,NA,"fork","standard",NA,NA,NA
"CESBP2016","BP20160016",20160471,NA,"fork","scoop",NA,NA,NA
"CESBP2016","BP20160016",20160472,NA,"fork","gardening tools",NA,NA,NA
"CESBP2016","BP20160016",20160473,NA,"fork","mixer",NA,NA,NA
"CESBP2016","BP20160016",20160474,NA,"fork","thread from clothing retrieval tool",NA,NA,NA
"CESBP2016","BP20160017",20160528,NA,"fork","throw",NA,NA,NA
"CESBP2016","BP20160017",20160529,NA,"fork","catch",NA,NA,NA
"CESBP2016","BP20160017",20160530,NA,"fork","pick in the ground",NA,NA,NA
"CESBP2016","BP20160017",20160531,NA,"fork","eat soup",NA,NA,NA
"CESBP2016","BP20160017",20160532,NA,"fork","eat candy",NA,NA,NA
"CESBP2016","BP20160017",20160533,NA,"fork","Lois pricks",NA,NA,NA
"CESBP2016","BP20160017",20160534,NA,"fork","redirect",NA,NA,NA
"CESBP2016","BP20160017",20160535,NA,"fork","straighten",NA,NA,NA
"CESBP2016","BP20160017",20160536,NA,"fork","meat cutting",NA,NA,NA
"CESBP2016","BP20160017",20160537,NA,"fork","prick dough into pieces",NA,NA,NA
"CESBP2016","BP20160017",20160538,NA,"fork","line up",NA,NA,NA
"CESBP2016","BP20160017",20160539,NA,"fork","put an egg on it and do a race",NA,NA,NA
"CESBP2016","BP20160017",20160540,NA,"fork","stir",NA,NA,NA
"CESBP2016","BP20160018",20160621,NA,"fork","to eat with ",NA,NA,NA
"CESBP2016","BP20160018",20160622,NA,"fork","To make a catapult with ",NA,NA,NA
"CESBP2016","BP20160018",20160623,NA,"fork","to make a work of art ",NA,NA,NA
"CESBP2016","BP20160018",20160624,NA,"fork","to eat soup ",NA,NA,NA
"CESBP2016","BP20160018",20160625,NA,"fork","as a necklace make for your outfit.",NA,NA,NA
"CESBP2016","BP20160018",20160626,NA,"fork","poke eyes out",NA,NA,NA
"CESBP2016","BP20160018",20160627,NA,"fork","making holes in your quiche dough ",NA,NA,NA
"CESBP2016","BP20160018",20160628,NA,"fork","use as an aid to clay with",NA,NA,NA
"CESBP2016","BP20160019",20160698,NA,"fork","food",NA,NA,NA
"CESBP2016","BP20160019",20160699,NA,"fork","to stir",NA,NA,NA
"CESBP2016","BP20160019",20160700,NA,"fork","to play with",NA,NA,NA
"CESBP2016","BP20160019",20160701,NA,"fork","to comb your hair with",NA,NA,NA
"CESBP2016","BP20160019",20160702,NA,"fork","to remove hairs from clothing",NA,NA,NA
"CESBP2016","BP20160019",20160703,NA,"fork","to get something out of the mud",NA,NA,NA
"CESBP2016","BP20160019",20160704,NA,"fork","To poke around in something (clean up trash)",NA,NA,NA
"CESBP2016","BP20160019",20160705,NA,"fork","as a mirror",NA,NA,NA
"CESBP2016","BP20160019",20160706,NA,"fork","as a tool for acting",NA,NA,NA
"CESBP2016","BP20160019",20160707,NA,"fork","for conducting",NA,NA,NA
"CESBP2016","BP20160019",20160708,NA,"fork","to point out something",NA,NA,NA
"CESBP2016","BP20160019",20160709,NA,"fork","as a dart",NA,NA,NA
"CESBP2016","BP20160019",20160710,NA,"fork","as a silver object",NA,NA,NA
"CESBP2016","BP20160019",20160711,NA,"fork","(to show what silver is)",NA,NA,NA
"CESBP2016","BP20160020",20160819,NA,"fork","pricking of food",NA,NA,NA
"CESBP2016","BP20160020",20160820,NA,"fork","jab someone with it",NA,NA,NA
"CESBP2016","BP20160020",20160821,NA,"fork","turn around, Uri geller-like",NA,NA,NA
"CESBP2016","BP20160020",20160822,NA,"fork","take out the two middle bars and use as a fork for chocolates",NA,NA,NA
"CESBP2016","BP20160020",20160823,NA,"fork","make music",NA,NA,NA
"CESBP2016","BP20160020",20160824,NA,"fork","Drawing attention at the table to a speech",NA,NA,NA
"CESBP2016","BP20160020",20160825,NA,"fork","you can pick up something with it",NA,NA,NA
"CESBP2016","BP20160020",20160826,NA,"fork","test if cooked meat is done",NA,NA,NA
"CESBP2016","BP20160023",20160917,NA,"fork","drawing in sand",NA,NA,NA
"CESBP2016","BP20160023",20160918,NA,"fork","drawing with paint",NA,NA,NA
"CESBP2016","BP20160023",20160919,NA,"fork","pointer",NA,NA,NA
"CESBP2016","BP20160023",20160920,NA,"fork","earring",NA,NA,NA
"CESBP2016","BP20160023",20160921,NA,"fork","photo holder",NA,NA,NA
"CESBP2016","BP20160023",20160922,NA,"fork","poking someone, warning them",NA,NA,NA
"CESBP2016","BP20160023",20160923,NA,"fork","musical instrument (tapping on the table, etc.)",NA,NA,NA
"CESBP2016","BP20160023",20160924,NA,"fork","instead of a paralyzed hand",NA,NA,NA
"CESBP2016","BP20160023",20160925,NA,"fork","clock hand",NA,NA,NA
"CESBP2016","BP20160022",20160941,NA,"fork","comb hair",NA,NA,NA
"CESBP2016","BP20160022",20160942,NA,"fork","turn into a bracelet",NA,NA,NA
"CESBP2016","BP20160022",20160943,NA,"fork","Scratching your skin when you are itching",NA,NA,NA
"CESBP2016","BP20160022",20160944,NA,"fork","play with it by placing it on the edge of the table and let it launch",NA,NA,NA
"CESBP2016","BP20160022",20160945,NA,"fork","raking",NA,NA,NA
"CESBP2016","BP20160024",20161037,NA,"fork","comb hair",NA,NA,NA
"CESBP2016","BP20160024",20161038,NA,"fork","make bows",NA,NA,NA
"CESBP2016","BP20160024",20161039,NA,"fork","can opener",NA,NA,NA
"CESBP2016","BP20160024",20161040,NA,"fork","ruler",NA,NA,NA
"CESBP2016","BP20160025",20161073,NA,"fork","nail",NA,NA,NA
"CESBP2016","BP20160025",20161074,NA,"fork","weapon",NA,NA,NA
"CESBP2016","BP20160025",20161075,NA,"fork","lever/catapult",NA,NA,NA
"CESBP2016","BP20160025",20161076,NA,"fork","bracelets/chains to hang from",NA,NA,NA
"CESBP2016","BP20160025",20161077,NA,"fork","as pen",NA,NA,NA
"CESBP2016","BP20160025",20161078,NA,"fork","To knit/crochet etc.",NA,NA,NA
"CESBP2016","BP20160026",20161135,NA,"fork","hair combs",NA,NA,NA
"CESBP2016","BP20160026",20161136,NA,"fork","attach to the wall as a coat rack",NA,NA,NA
"CESBP2016","BP20160026",20161137,NA,"fork","as a hair ornament in a bun",NA,NA,NA
"CESBP2016","BP20160026",20161138,NA,"fork","To scratch your back",NA,NA,NA
"CESBP2016","BP20160027",20161183,NA,"fork","screwdriver (back)",NA,NA,NA
"CESBP2016","BP20160027",20161184,NA,"fork","open a beer bottle",NA,NA,NA
"CESBP2016","BP20160027",20161185,NA,"fork","to elicit a response",NA,NA,NA
"CESBP2016","BP20160028",20161222,NA,"fork","knife someone",NA,NA,NA
"CESBP2016","BP20160028",20161223,NA,"fork","food",NA,NA,NA
"CESBP2016","BP20160028",20161224,NA,"fork","pull something out from under the sofa",NA,NA,NA
"CESBP2016","BP20160028",20161225,NA,"fork","to make scratches with",NA,NA,NA
"CESBP2016","BP20160028",20161226,NA,"fork","to hit someone with",NA,NA,NA
"CESBP2016","BP20160029",20161265,NA,"fork","weapon",NA,NA,NA
"CESBP2016","BP20160029",20161266,NA,"fork","comb",NA,NA,NA
"CESBP2016","BP20160029",20161267,NA,"fork","food",NA,NA,NA
"CESBP2016","BP20160029",20161268,NA,"fork","spike",NA,NA,NA
"CESBP2016","BP20160029",20161269,NA,"fork","stir with",NA,NA,NA
"CESBP2016","BP20160030",20161309,NA,"fork","skewer",NA,NA,NA
"CESBP2016","BP20160030",20161310,NA,"fork","sticks",NA,NA,NA
"CESBP2016","BP20160030",20161311,NA,"fork","bundling of knives",NA,NA,NA
"CESBP2016","BP20160030",20161312,NA,"fork","iron rods",NA,NA,NA
"CESBP2016","BP20160030",20161313,NA,"fork","clamping pliers",NA,NA,NA
"CESBP2016","BP20160030",20161314,NA,"fork","suction cup",NA,NA,NA
"CESBP2016","BP20160030",20161315,NA,"fork","magnet",NA,NA,NA
"CESBP2016","BP20160030",20161316,NA,"fork","2 spoons",NA,NA,NA
"CESBP2016","BP20160030",20161317,NA,"fork","fingers",NA,NA,NA
"CESBP2016","BP20160035",20161385,NA,"fork","food",NA,NA,NA
"CESBP2016","BP20160035",20161386,NA,"fork","pick up",NA,NA,NA
"CESBP2016","BP20160035",20161387,NA,"fork","drawing in the sand",NA,NA,NA
"CESBP2016","BP20160035",20161388,NA,"fork","catch something",NA,NA,NA
"CESBP2016","BP20160035",20161389,NA,"fork","To throw something away",NA,NA,NA
"CESBP2016","BP20160035",20161390,NA,"fork","unlock something",NA,NA,NA
"CESBP2016","BP20160036",20161418,NA,"fork","Writing accounts",NA,NA,NA
"CESBP2016","BP20160036",20161419,NA,"fork","vote",NA,NA,NA
"CESBP2016","BP20160036",20161420,NA,"fork","Chinese food",NA,NA,NA
"CESBP2016","BP20160036",20161421,NA,"fork","split",NA,NA,NA
"CESBP2016","BP20160036",20161422,NA,"fork","part of bicycle",NA,NA,NA
"CESBP2016","BP20160036",20161423,NA,"fork","lamppost",NA,NA,NA
"CESBP2016","BP20160036",20161424,NA,"fork","light",NA,NA,NA
"CESBP2016","BP20160037",20161444,NA,"fork","toothpick",NA,NA,NA
"CESBP2016","BP20160037",20161445,NA,"fork","hair curler",NA,NA,NA
"CESBP2016","BP20160037",20161446,NA,"fork","brush",NA,NA,NA
"CESBP2016","BP20160037",20161447,NA,"fork","fix in the ground as a pole",NA,NA,NA
"CESBP2016","BP20160037",20161448,NA,"fork","scratch your back ",NA,NA,NA
"CESBP2016","BP20160037",20161449,NA,"fork","javelin throw",NA,NA,NA
"CESBP2016","BP20160037",20161450,NA,"fork","weapon",NA,NA,NA
"CESBP2016","BP20160037",20161451,NA,"fork","nail cleaner",NA,NA,NA
"CESBP2016","BP20160037",20161452,NA,"fork","artwork",NA,NA,NA
"CESBP2016","BP20160038",20161509,NA,"fork","raking grass",NA,NA,NA
"CESBP2016","BP20160038",20161510,NA,"fork","a candlestick of folds",NA,NA,NA
"CESBP2016","BP20160038",20161511,NA,"fork","jewelry pendant",NA,NA,NA
"CESBP2016","BP20160038",20161512,NA,"fork","Puncture holes",NA,NA,NA
"CESBP2016","BP20160039",20161540,NA,"fork","food",NA,NA,NA
"CESBP2016","BP20160039",20161541,NA,"fork","painting",NA,NA,NA
"CESBP2016","BP20160039",20161542,NA,"fork","build",NA,NA,NA
"CESBP2016","BP20160039",20161543,NA,"fork","play",NA,NA,NA
"CESBP2016","BP20160039",20161544,NA,"fork","dig",NA,NA,NA
"CESBP2016","BP20160039",20161545,NA,"fork","scraping things out",NA,NA,NA
"CESBP2016","BP20160039",20161546,NA,"fork","can open",NA,NA,NA
"CESBP2016","BP20160039",20161547,NA,"fork","harm someone",NA,NA,NA
"CESBP2016","BP20160040",20161584,NA,"fork","garden tools",NA,NA,NA
"CESBP2016","BP20160040",20161585,NA,"fork","teaspoon",NA,NA,NA
"CESBP2016","BP20160040",20161586,NA,"fork","picking up gum from the sidewalk",NA,NA,NA
"CESBP2016","BP20160040",20161587,NA,"fork","weapon",NA,NA,NA
"CESBP2016","BP20160041",20161617,NA,"fork","Stitches",NA,NA,NA
"CESBP2016","BP20160041",20161618,NA,"fork","comb hair",NA,NA,NA
"CESBP2016","BP20160041",20161619,NA,"fork","disassemble knot ",NA,NA,NA
"CESBP2016","BP20160041",20161620,NA,"fork","Prying something ' out of something ",NA,NA,NA
"CESBP2016","BP20160041",20161621,NA,"fork","use as a screwdriver ",NA,NA,NA
"CESBP2016","BP20160041",20161622,NA,"fork","Poking holes in all kinds of things",NA,NA,NA
"CESBP2016","BP20160042",20161627,NA,"fork","Puncture holes ",NA,NA,NA
"CESBP2016","BP20160042",20161628,NA,"fork","Hair combing",NA,NA,NA
"CESBP2016","BP20160042",20161629,NA,"fork","pick out something",NA,NA,NA
"CESBP2016","BP20160042",20161630,NA,"fork","tickle ",NA,NA,NA
"CESBP2016","BP20160042",20161631,NA,"fork","scratch your back ",NA,NA,NA
"CESBP2016","BP20160042",20161632,NA,"fork","unbutton",NA,NA,NA
"CESBP2016","BP20160042",20161633,NA,"fork","make scratches in a window",NA,NA,NA
"CESBP2016","BP20160043",20161664,NA,"fork","stick for in your hair, just as Asians have",NA,NA,NA
"CESBP2016","BP20160043",20161665,NA,"fork","knitting needle",NA,NA,NA
"CESBP2016","BP20160043",20161666,NA,"fork","drumstick",NA,NA,NA
"CESBP2016","BP20160043",20161667,NA,"fork","triangle stick",NA,NA,NA
"CESBP2016","BP20160043",20161668,NA,"fork","for sand sculpture",NA,NA,NA
"CESBP2016","BP20160043",20161669,NA,"fork","herring for the tent",NA,NA,NA
"CESBP2016","BP20160043",20161670,NA,"fork","comb",NA,NA,NA
"CESBP2016","BP20160044",20161722,NA,"fork","Puncture holes",NA,NA,NA
"CESBP2016","BP20160044",20161723,NA,"fork","Carve something",NA,NA,NA
"CESBP2016","BP20160045",20161756,NA,"fork","stitches",NA,NA,NA
"CESBP2016","BP20160045",20161757,NA,"fork","nose picking",NA,NA,NA
"CESBP2016","BP20160045",20161758,NA,"fork","can opener",NA,NA,NA
"CESBP2016","BP20160045",20161759,NA,"fork","beer opener",NA,NA,NA
"CESBP2016","BP20160045",20161760,NA,"fork","conduct electricity",NA,NA,NA
"CESBP2016","BP20160045",20161761,NA,"fork","crazy hair clip for people with afro",NA,NA,NA
"CESBP2016","BP20160045",20161762,NA,"fork","tweezers",NA,NA,NA
"CESBP2016","BP20160045",20161763,NA,"fork","back scraper",NA,NA,NA
"CESBP2016","BP20160045",20161764,NA,"fork","as a knife",NA,NA,NA
"CESBP2016","BP20160046",20161830,NA,"fork","dining",NA,NA,NA
"CESBP2016","BP20160046",20161831,NA,"fork","surgical instrument",NA,NA,NA
"CESBP2016","BP20160046",20161832,NA,"fork","weed whacker",NA,NA,NA
"CESBP2016","BP20160046",20161833,NA,"fork","tools",NA,NA,NA
"CESBP2016","BP20160046",20161834,NA,"fork","back scraper",NA,NA,NA
"CESBP2016","BP20160046",20161835,NA,"fork","fish scraper",NA,NA,NA
"CESBP2016","BP20160046",20161836,NA,"fork","murder weapon",NA,NA,NA
"CESBP2016","BP20160046",20161837,NA,"fork","sex toy",NA,NA,NA
"CESBP2016","BP20160046",20161838,NA,"fork","CD rack",NA,NA,NA
"CESBP2016","BP20160046",20161839,NA,"fork","toys",NA,NA,NA
"CESBP2016","BP20160046",20161840,NA,"fork","comb",NA,NA,NA
"CESBP2016","BP20160047",20161920,NA,"fork","comb ariel ",NA,NA,NA
"CESBP2016","BP20160047",20161921,NA,"fork","dye",NA,NA,NA
"CESBP2016","BP20160047",20161922,NA,"fork","dig",NA,NA,NA
"CESBP2016","BP20160047",20161923,NA,"fork","as part of artwork",NA,NA,NA
"CESBP2016","BP20160047",20161924,NA,"fork","screwdriver",NA,NA,NA
"CESBP2016","BP20160047",20161925,NA,"fork","can opener",NA,NA,NA
"CESBP2016","BP20160047",20161926,NA,"fork","make holes",NA,NA,NA
"CESBP2016","BP20160048",20161975,NA,"fork","art object",NA,NA,NA
"CESBP2016","BP20160048",20161976,NA,"fork","darts with fork",NA,NA,NA
"CESBP2016","BP20160048",20161977,NA,"fork","food",NA,NA,NA
"CESBP2016","BP20160048",20161978,NA,"fork","knife in fork when setting the table",NA,NA,NA
"CESBP2016","BP20160049",20162024,NA,"fork","painting",NA,NA,NA
"CESBP2016","BP20160049",20162025,NA,"fork","open container",NA,NA,NA
"CESBP2016","BP20160050",20162053,NA,"fork","use as a devil's tail",NA,NA,NA
"CESBP2016","BP20160050",20162054,NA,"fork","shovel for the sandbox",NA,NA,NA
"CESBP2016","BP20160050",20162055,NA,"fork","use as a comb",NA,NA,NA
"CESBP2016","BP20160050",20162056,NA,"fork","make little figures when you spray ink on them",NA,NA,NA
"CESBP2016","BP20160050",20162057,NA,"fork","tennis racket",NA,NA,NA
"CESBP2016","BP20160051",20162070,NA,"fork","picking things up from the street so your hands don't get dirty and you can throw them in the trash",NA,NA,NA
"CESBP2016","BP20160051",20162071,NA,"fork","poke into something so that they stand up straight and that is an instrument: shapes that you tap into",NA,NA,NA
"CESBP2016","BP20160051",20162072,NA,"fork","in the garden, in the earth, so that cats do not want to come there",NA,NA,NA
"CESBP2016","BP20160051",20162073,NA,"fork","dipping into the paint and drawing dashes in a moment of creativity",NA,NA,NA
"CESBP2016","BP20160051",20162074,NA,"fork","crabs",NA,NA,NA
"CESBP2016","BP20160053",20162163,NA,"fork","comb",NA,NA,NA
"CESBP2016","BP20160053",20162164,NA,"fork","to shoot rubber bands with",NA,NA,NA
"CESBP2016","BP20160053",20162165,NA,"fork","rake",NA,NA,NA
"CESBP2016","BP20160000",20172822,NA,"fork","conductor",NA,NA,NA
"CESBP2016","BP20160000",20172823,NA,"fork","catapult",NA,NA,NA
"CESBP2016","BP20160000",20172824,NA,"fork","keep elastic",NA,NA,NA
"CESBP2016","BP20160000",20172825,NA,"fork","bobbin",NA,NA,NA
"CESBP2016","BP20160000",20172826,NA,"fork","thumbtack substitute",NA,NA,NA
"CESBP2016","BP20160000",20172827,NA,"fork","dart",NA,NA,NA
"CESBP2016","BP20160000",20172828,NA,"fork","telepathy",NA,NA,NA
"CESBP2016","BP20160000",20172829,NA,"fork","goalpost",NA,NA,NA
"CESBP2016","BP20160000",20172830,NA,"fork","flag",NA,NA,NA
"CESBP2016","BP20160001",20160029,NA,"tin can","sound amplifier",NA,NA,NA
"CESBP2016","BP20160001",20160030,NA,"tin can","pet",NA,NA,NA
"CESBP2016","BP20160001",20160031,NA,"tin can","Pen holder",NA,NA,NA
"CESBP2016","BP20160001",20160032,NA,"tin can","to throw",NA,NA,NA
"CESBP2016","BP20160007",20160068,NA,"tin can","file",NA,NA,NA
"CESBP2016","BP20160007",20160069,NA,"tin can","printing press",NA,NA,NA
"CESBP2016","BP20160007",20160070,NA,"tin can","to break in",NA,NA,NA
"CESBP2016","BP20160007",20160071,NA,"tin can","break someone's hand",NA,NA,NA
"CESBP2016","BP20160007",20160072,NA,"tin can","start a revolution",NA,NA,NA
"CESBP2016","BP20160011",20160163,NA,"tin can","With the tabs you can play a drinking game",NA,NA,NA
"CESBP2016","BP20160011",20160164,NA,"tin can","With the can itself you can make a knife, should you have a broken one",NA,NA,NA
"CESBP2016","BP20160011",20160165,NA,"tin can","In a can you can store things (but that's also kind of its original use)",NA,NA,NA
"CESBP2016","BP20160011",20160166,NA,"tin can","You can make it a weight by filling it with soil.",NA,NA,NA
"CESBP2016","BP20160011",20160167,NA,"tin can","(so that something doesn't blow away)",NA,NA,NA
"CESBP2016","BP20160012",20160229,NA,"tin can","toothbrush holder",NA,NA,NA
"CESBP2016","BP20160012",20160230,NA,"tin can","a chewing gum tray",NA,NA,NA
"CESBP2016","BP20160012",20160231,NA,"tin can","a vase",NA,NA,NA
"CESBP2016","BP20160012",20160232,NA,"tin can","a weapon",NA,NA,NA
"CESBP2016","BP20160012",20160233,NA,"tin can","rocket motor",NA,NA,NA
"CESBP2016","BP20160013",20160276,NA,"tin can","pen box",NA,NA,NA
"CESBP2016","BP20160013",20160277,NA,"tin can","toothbrush holder",NA,NA,NA
"CESBP2016","BP20160013",20160278,NA,"tin can","flowerpot",NA,NA,NA
"CESBP2016","BP20160013",20160279,NA,"tin can","glass",NA,NA,NA
"CESBP2016","BP20160013",20160280,NA,"tin can","container to keep things in",NA,NA,NA
"CESBP2016","BP20160013",20160281,NA,"tin can","a phone",NA,NA,NA
"CESBP2016","BP20160013",20160282,NA,"tin can","if you poke holes in it you can use it as a shower head",NA,NA,NA
"CESBP2016","BP20160013",20160283,NA,"tin can","as a weapon",NA,NA,NA
"CESBP2016","BP20160013",20160284,NA,"tin can","keep the window open",NA,NA,NA
"CESBP2016","BP20160014",20160375,NA,"tin can","to drink from",NA,NA,NA
"CESBP2016","BP20160014",20160376,NA,"tin can","hang behind your car when you get married",NA,NA,NA
"CESBP2016","BP20160014",20160377,NA,"tin can","Use as a phone (you know, with one of those strings in between) ",NA,NA,NA
"CESBP2016","BP20160014",20160378,NA,"tin can","make music/sound with it",NA,NA,NA
"CESBP2016","BP20160014",20160379,NA,"tin can","throwing against someone's head (weapon)",NA,NA,NA
"CESBP2016","BP20160014",20160380,NA,"tin can","use in a work of art ",NA,NA,NA
"CESBP2016","BP20160014",20160381,NA,"tin can","use as jewelry box",NA,NA,NA
"CESBP2016","BP20160014",20160382,NA,"tin can","crush and use in ice hockey ",NA,NA,NA
"CESBP2016","BP20160014",20160383,NA,"tin can","take off the label and make an earring out of it",NA,NA,NA
"CESBP2016","BP20160014",20160384,NA,"tin can","use the label and cut something with it (because it is sharp)",NA,NA,NA
"CESBP2016","BP20160014",20160385,NA,"tin can","as a catch for the rain when it leaks",NA,NA,NA
"CESBP2016","BP20160014",20160386,NA,"tin can","as a vase",NA,NA,NA
"CESBP2016","BP20160014",20160387,NA,"tin can","as a candle holder",NA,NA,NA
"CESBP2016","BP20160015",20160450,NA,"tin can","mirror",NA,NA,NA
"CESBP2016","BP20160015",20160451,NA,"tin can","car",NA,NA,NA
"CESBP2016","BP20160015",20160452,NA,"tin can","toys",NA,NA,NA
"CESBP2016","BP20160015",20160453,NA,"tin can","jewelry",NA,NA,NA
"CESBP2016","BP20160015",20160454,NA,"tin can","wallpaper (as long as you stick enough next to each other)",NA,NA,NA
"CESBP2016","BP20160015",20160455,NA,"tin can","throwing equipment",NA,NA,NA
"CESBP2016","BP20160015",20160456,NA,"tin can","knife",NA,NA,NA
"CESBP2016","BP20160015",20160457,NA,"tin can","key ring (with the clip from the can)",NA,NA,NA
"CESBP2016","BP20160015",20160458,NA,"tin can","rattle (clip in tin)",NA,NA,NA
"CESBP2016","BP20160015",20160459,NA,"tin can","art",NA,NA,NA
"CESBP2016","BP20160015",20160460,NA,"tin can","Remember andy warhole",NA,NA,NA
"CESBP2016","BP20160016",20160513,NA,"tin can","art",NA,NA,NA
"CESBP2016","BP20160016",20160514,NA,"tin can","toys",NA,NA,NA
"CESBP2016","BP20160016",20160515,NA,"tin can","coaster",NA,NA,NA
"CESBP2016","BP20160016",20160516,NA,"tin can","chain",NA,NA,NA
"CESBP2016","BP20160016",20160517,NA,"tin can","garlands",NA,NA,NA
"CESBP2016","BP20160017",20160596,NA,"tin can","make a wired phone",NA,NA,NA
"CESBP2016","BP20160017",20160597,NA,"tin can","trampling",NA,NA,NA
"CESBP2016","BP20160017",20160598,NA,"tin can","throw",NA,NA,NA
"CESBP2016","BP20160017",20160599,NA,"tin can","catch",NA,NA,NA
"CESBP2016","BP20160017",20160600,NA,"tin can","buried",NA,NA,NA
"CESBP2016","BP20160017",20160601,NA,"tin can","tasks",NA,NA,NA
"CESBP2016","BP20160017",20160602,NA,"tin can","Lay down",NA,NA,NA
"CESBP2016","BP20160017",20160603,NA,"tin can","pick up",NA,NA,NA
"CESBP2016","BP20160017",20160604,NA,"tin can","make a tower out of cans",NA,NA,NA
"CESBP2016","BP20160017",20160605,NA,"tin can","smash a window with it",NA,NA,NA
"CESBP2016","BP20160017",20160606,NA,"tin can","throwing a ball against a pile of cans",NA,NA,NA
"CESBP2016","BP20160017",20160607,NA,"tin can","turn it into a lamp",NA,NA,NA
"CESBP2016","BP20160017",20160608,NA,"tin can","make it a fan",NA,NA,NA
"CESBP2016","BP20160017",20160609,NA,"tin can","turn it into a cup holder",NA,NA,NA
"CESBP2016","BP20160017",20160610,NA,"tin can","litter",NA,NA,NA
"CESBP2016","BP20160017",20160611,NA,"tin can","drink from it",NA,NA,NA
"CESBP2016","BP20160018",20160680,NA,"tin can","pollute the streets ",NA,NA,NA
"CESBP2016","BP20160018",20160681,NA,"tin can","recycle ",NA,NA,NA
"CESBP2016","BP20160018",20160682,NA,"tin can","necklace it ",NA,NA,NA
"CESBP2016","BP20160018",20160683,NA,"tin can","using the tab of a can to make a dress/shirt ",NA,NA,NA
"CESBP2016","BP20160018",20160684,NA,"tin can","use the alum for making trays ",NA,NA,NA
"CESBP2016","BP20160018",20160685,NA,"tin can","Use to do crafts with children.",NA,NA,NA
"CESBP2016","BP20160019",20160789,NA,"tin can","drink",NA,NA,NA
"CESBP2016","BP20160019",20160790,NA,"tin can","to try to destroy",NA,NA,NA
"CESBP2016","BP20160019",20160791,NA,"tin can","as an example of waste",NA,NA,NA
"CESBP2016","BP20160019",20160792,NA,"tin can","to throw away",NA,NA,NA
"CESBP2016","BP20160019",20160793,NA,"tin can","decorate as nicely as possible",NA,NA,NA
"CESBP2016","BP20160019",20160794,NA,"tin can","as a game to shoot for",NA,NA,NA
"CESBP2016","BP20160019",20160795,NA,"tin can","to indicate position (discuss strategy)",NA,NA,NA
"CESBP2016","BP20160019",20160796,NA,"tin can","designating a certain point",NA,NA,NA
"CESBP2016","BP20160019",20160797,NA,"tin can","who can throw the farthest",NA,NA,NA
"CESBP2016","BP20160019",20160798,NA,"tin can","who can shoot the farthest",NA,NA,NA
"CESBP2016","BP20160019",20160799,NA,"tin can","who can move the can to the line with his belly",NA,NA,NA
"CESBP2016","BP20160019",20160800,NA,"tin can","between two bellies bring the can to another side",NA,NA,NA
"CESBP2016","BP20160019",20160801,NA,"tin can","fill with water, to move water",NA,NA,NA
"CESBP2016","BP20160019",20160802,NA,"tin can","Puncture holes",NA,NA,NA
"CESBP2016","BP20160019",20160803,NA,"tin can","decorate as nicely as possible",NA,NA,NA
"CESBP2016","BP20160019",20160804,NA,"tin can","put in a candle for mood lighting",NA,NA,NA
"CESBP2016","BP20160020",20160886,NA,"tin can","drink from it",NA,NA,NA
"CESBP2016","BP20160020",20160887,NA,"tin can","recycling",NA,NA,NA
"CESBP2016","BP20160020",20160888,NA,"tin can","toss it",NA,NA,NA
"CESBP2016","BP20160020",20160889,NA,"tin can","advertise on it",NA,NA,NA
"CESBP2016","BP20160020",20160890,NA,"tin can","tracing",NA,NA,NA
"CESBP2016","BP20160020",20160891,NA,"tin can","squash it",NA,NA,NA
"CESBP2016","BP20160020",20160892,NA,"tin can","collect for recycling",NA,NA,NA
"CESBP2016","BP20160020",20160893,NA,"tin can","open it",NA,NA,NA
"CESBP2016","BP20160020",20160894,NA,"tin can","catch wasps with it if you put cola in it",NA,NA,NA
"CESBP2016","BP20160020",20160895,NA,"tin can","take along for the ride",NA,NA,NA
"CESBP2016","BP20160020",20160896,NA,"tin can","shake before opening",NA,NA,NA
"CESBP2016","BP20160020",20160897,NA,"tin can","cooling",NA,NA,NA
"CESBP2016","BP20160020",20160898,NA,"tin can","turn it into a telephone with a line in between",NA,NA,NA
"CESBP2016","BP20160020",20160899,NA,"tin can","walking on it like stilts with rope attached for children",NA,NA,NA
"CESBP2016","BP20160020",20160900,NA,"tin can","knocking over at the fairground",NA,NA,NA
"CESBP2016","BP20160023",20161011,NA,"tin can","lunch tray",NA,NA,NA
"CESBP2016","BP20160023",20161012,NA,"tin can","waste bin",NA,NA,NA
"CESBP2016","BP20160023",20161013,NA,"tin can","make music with it",NA,NA,NA
"CESBP2016","BP20160023",20161014,NA,"tin can","with rope attached and then pass something, talking through it",NA,NA,NA
"CESBP2016","BP20160023",20161015,NA,"tin can","handbag",NA,NA,NA
"CESBP2016","BP20160023",20161016,NA,"tin can","as a large chain 'stone ",NA,NA,NA
"CESBP2016","BP20160023",20161017,NA,"tin can","so that the door does not close",NA,NA,NA
"CESBP2016","BP20160023",20161018,NA,"tin can","planter",NA,NA,NA
"CESBP2016","BP20160023",20161019,NA,"tin can","storage box",NA,NA,NA
"CESBP2016","BP20160023",20161020,NA,"tin can","binoculars (with lens in them)",NA,NA,NA
"CESBP2016","BP20160023",20161021,NA,"tin can","to put your hair in a bun around it",NA,NA,NA
"CESBP2016","BP20160022",20161027,NA,"tin can","pen tray",NA,NA,NA
"CESBP2016","BP20160022",20161028,NA,"tin can","Tie bobbins behind your bicycle",NA,NA,NA
"CESBP2016","BP20160022",20161029,NA,"tin can","tea light",NA,NA,NA
"CESBP2016","BP20160022",20161030,NA,"tin can","turn it into a lamp",NA,NA,NA
"CESBP2016","BP20160022",20161031,NA,"tin can","sitting on it as a crutch",NA,NA,NA
"CESBP2016","BP20160022",20161032,NA,"tin can","standing on it as a stage (large can)",NA,NA,NA
"CESBP2016","BP20160024",20161062,NA,"tin can","tying behind a car at a newlywed couple's house",NA,NA,NA
"CESBP2016","BP20160024",20161063,NA,"tin can","you can use it for creative projects, sinterklaas surprises and so on",NA,NA,NA
"CESBP2016","BP20160024",20161064,NA,"tin can","to store things in",NA,NA,NA
"CESBP2016","BP20160025",20161121,NA,"tin can","ball",NA,NA,NA
"CESBP2016","BP20160025",20161122,NA,"tin can","electrical conductor",NA,NA,NA
"CESBP2016","BP20160025",20161123,NA,"tin can","as a telephone with two cans and a string",NA,NA,NA
"CESBP2016","BP20160025",20161124,NA,"tin can","soup bowl",NA,NA,NA
"CESBP2016","BP20160025",20161125,NA,"tin can","drum",NA,NA,NA
"CESBP2016","BP20160025",20161126,NA,"tin can","musical instrument",NA,NA,NA
"CESBP2016","BP20160025",20161127,NA,"tin can","glasses: two cans with the bottom out",NA,NA,NA
"CESBP2016","BP20160025",20161128,NA,"tin can","tunnel for ants or other small animals",NA,NA,NA
"CESBP2016","BP20160026",20161169,NA,"tin can","throw away",NA,NA,NA
"CESBP2016","BP20160026",20161170,NA,"tin can","cut open and make into jewelry",NA,NA,NA
"CESBP2016","BP20160026",20161171,NA,"tin can","as a lampshade",NA,NA,NA
"CESBP2016","BP20160026",20161172,NA,"tin can","a beer can? or canned food?",NA,NA,NA
"CESBP2016","BP20160026",20161173,NA,"tin can","ring with",NA,NA,NA
"CESBP2016","BP20160026",20161174,NA,"tin can","make farraday cage",NA,NA,NA
"CESBP2016","BP20160027",20161214,NA,"tin can","target practice",NA,NA,NA
"CESBP2016","BP20160027",20161215,NA,"tin can","knife (tear open first)",NA,NA,NA
"CESBP2016","BP20160027",20161216,NA,"tin can","headgear",NA,NA,NA
"CESBP2016","BP20160027",20161217,NA,"tin can","fake phone",NA,NA,NA
"CESBP2016","BP20160028",20161256,NA,"tin can","to drink from",NA,NA,NA
"CESBP2016","BP20160028",20161257,NA,"tin can","as soccer",NA,NA,NA
"CESBP2016","BP20160028",20161258,NA,"tin can","can in the water, you should really look it up on youtube!!!",NA,NA,NA
"CESBP2016","BP20160028",20161259,NA,"tin can","waste",NA,NA,NA
"CESBP2016","BP20160029",20161299,NA,"tin can","weapon",NA,NA,NA
"CESBP2016","BP20160029",20161300,NA,"tin can","bowling",NA,NA,NA
"CESBP2016","BP20160030",20161372,NA,"tin can","plastic container with lid",NA,NA,NA
"CESBP2016","BP20160030",20161373,NA,"tin can","pan with lid",NA,NA,NA
"CESBP2016","BP20160030",20161374,NA,"tin can","pot with lid",NA,NA,NA
"CESBP2016","BP20160030",20161375,NA,"tin can","thermos",NA,NA,NA
"CESBP2016","BP20160030",20161376,NA,"tin can","bottle",NA,NA,NA
"CESBP2016","BP20160030",20161377,NA,"tin can","drink suit",NA,NA,NA
"CESBP2016","BP20160030",20161378,NA,"tin can","plastic bag that you can close",NA,NA,NA
"CESBP2016","BP20160030",20161379,NA,"tin can","folding aluminum foil into a pointy bag",NA,NA,NA
"CESBP2016","BP20160035",20161411,NA,"tin can","make it a toy",NA,NA,NA
"CESBP2016","BP20160035",20161412,NA,"tin can","use as a rattle",NA,NA,NA
"CESBP2016","BP20160035",20161413,NA,"tin can","play soccer with it",NA,NA,NA
"CESBP2016","BP20160035",20161414,NA,"tin can","store items",NA,NA,NA
"CESBP2016","BP20160036",20161487,NA,"tin can","Flattening and making objects out of them",NA,NA,NA
"CESBP2016","BP20160036",20161488,NA,"tin can","Make toys for your feet",NA,NA,NA
"CESBP2016","BP20160036",20161489,NA,"tin can","make yo-yo",NA,NA,NA
"CESBP2016","BP20160036",20161490,NA,"tin can","fill",NA,NA,NA
"CESBP2016","BP20160036",20161491,NA,"tin can","chain of the tabs",NA,NA,NA
"CESBP2016","BP20160036",20161492,NA,"tin can","Use as reinforcement for walls etc.",NA,NA,NA
"CESBP2016","BP20160037",20161503,NA,"tin can","decoration",NA,NA,NA
"CESBP2016","BP20160037",20161504,NA,"tin can","soccer",NA,NA,NA
"CESBP2016","BP20160037",20161505,NA,"tin can","instrument",NA,NA,NA
"CESBP2016","BP20160038",20161533,NA,"tin can","make music",NA,NA,NA
"CESBP2016","BP20160038",20161534,NA,"tin can","use as an ashtray",NA,NA,NA
"CESBP2016","BP20160038",20161535,NA,"tin can","shooting object",NA,NA,NA
"CESBP2016","BP20160038",20161536,NA,"tin can","candlestick",NA,NA,NA
"CESBP2016","BP20160039",20161575,NA,"tin can","to drink from",NA,NA,NA
"CESBP2016","BP20160039",20161576,NA,"tin can","to kick against",NA,NA,NA
"CESBP2016","BP20160039",20161577,NA,"tin can","to keep things in",NA,NA,NA
"CESBP2016","BP20160039",20161578,NA,"tin can","flowers to deploy",NA,NA,NA
"CESBP2016","BP20160040",20161609,NA,"tin can","can toss",NA,NA,NA
"CESBP2016","BP20160040",20161610,NA,"tin can","give to a vagrant who collects cans",NA,NA,NA
"CESBP2016","BP20160040",20161611,NA,"tin can","hang behind the wedding car",NA,NA,NA
"CESBP2016","BP20160040",20161612,NA,"tin can","reuse",NA,NA,NA
"CESBP2016","BP20160042",20161656,NA,"tin can","On standing",NA,NA,NA
"CESBP2016","BP20160043",20161708,NA,"tin can","car folding",NA,NA,NA
"CESBP2016","BP20160043",20161709,NA,"tin can","Make hot and cook with it/bake",NA,NA,NA
"CESBP2016","BP20160043",20161710,NA,"tin can","jewelry",NA,NA,NA
"CESBP2016","BP20160043",20161711,NA,"tin can","soccer",NA,NA,NA
"CESBP2016","BP20160043",20161712,NA,"tin can","Hockey puck",NA,NA,NA
"CESBP2016","BP20160043",20161713,NA,"tin can","use sharp edge to cut paper",NA,NA,NA
"CESBP2016","BP20160043",20161714,NA,"tin can","instrument",NA,NA,NA
"CESBP2016","BP20160043",20161715,NA,"tin can","tray",NA,NA,NA
"CESBP2016","BP20160044",20161745,NA,"tin can","Soccer balls",NA,NA,NA
"CESBP2016","BP20160044",20161746,NA,"tin can","Two cans and a string through them to ""make phone calls""",NA,NA,NA
"CESBP2016","BP20160045",20161813,NA,"tin can","art",NA,NA,NA
"CESBP2016","BP20160045",20161814,NA,"tin can","vase",NA,NA,NA
"CESBP2016","BP20160045",20161815,NA,"tin can","ashtray",NA,NA,NA
"CESBP2016","BP20160045",20161816,NA,"tin can","beer opener",NA,NA,NA
"CESBP2016","BP20160045",20161817,NA,"tin can","water collector",NA,NA,NA
"CESBP2016","BP20160046",20161903,NA,"tin can","doorstop",NA,NA,NA
"CESBP2016","BP20160046",20161904,NA,"tin can","gasoline tank",NA,NA,NA
"CESBP2016","BP20160046",20161905,NA,"tin can","chemical waste drum",NA,NA,NA
"CESBP2016","BP20160046",20161906,NA,"tin can","storage tank",NA,NA,NA
"CESBP2016","BP20160046",20161907,NA,"tin can","crane",NA,NA,NA
"CESBP2016","BP20160046",20161908,NA,"tin can","shower head",NA,NA,NA
"CESBP2016","BP20160046",20161909,NA,"tin can","phone case",NA,NA,NA
"CESBP2016","BP20160046",20161910,NA,"tin can","electrical connection",NA,NA,NA
"CESBP2016","BP20160046",20161911,NA,"tin can","artwork",NA,NA,NA
"CESBP2016","BP20160046",20161912,NA,"tin can","sex toy",NA,NA,NA
"CESBP2016","BP20160046",20161913,NA,"tin can","murder weapon",NA,NA,NA
"CESBP2016","BP20160047",20161957,NA,"tin can","planter",NA,NA,NA
"CESBP2016","BP20160047",20161958,NA,"tin can","storage pens",NA,NA,NA
"CESBP2016","BP20160047",20161959,NA,"tin can","candle holder",NA,NA,NA
"CESBP2016","BP20160047",20161960,NA,"tin can","cup",NA,NA,NA
"CESBP2016","BP20160047",20161961,NA,"tin can","as a bowl",NA,NA,NA
"CESBP2016","BP20160047",20161962,NA,"tin can","money box",NA,NA,NA
"CESBP2016","BP20160047",20161963,NA,"tin can","washing up ""dryer"" for cutlery",NA,NA,NA
"CESBP2016","BP20160047",20161964,NA,"tin can","fishbowl",NA,NA,NA
"CESBP2016","BP20160047",20161965,NA,"tin can","behind car",NA,NA,NA
"CESBP2016","BP20160048",20162013,NA,"tin can","make toys (car)",NA,NA,NA
"CESBP2016","BP20160048",20162014,NA,"tin can","include cutting",NA,NA,NA
"CESBP2016","BP20160048",20162015,NA,"tin can","seal the boat that is leaking",NA,NA,NA
"CESBP2016","BP20160048",20162016,NA,"tin can","water collection",NA,NA,NA
"CESBP2016","BP20160048",20162017,NA,"tin can","make a car with it",NA,NA,NA
"CESBP2016","BP20160048",20162018,NA,"tin can","make a washbasin",NA,NA,NA
"CESBP2016","BP20160048",20162019,NA,"tin can","planter",NA,NA,NA
"CESBP2016","BP20160049",20162046,NA,"tin can","ice cream mold",NA,NA,NA
"CESBP2016","BP20160050",20162134,NA,"tin can","play soccer",NA,NA,NA
"CESBP2016","BP20160050",20162135,NA,"tin can","shake, open and enjoy a cola shower",NA,NA,NA
"CESBP2016","BP20160050",20162136,NA,"tin can","put in a mouse hole so that those bastards can't get out",NA,NA,NA
"CESBP2016","BP20160050",20162137,NA,"tin can","rolling as a bowling ball",NA,NA,NA
"CESBP2016","BP20160050",20162138,NA,"tin can","use as an ice hockey puck",NA,NA,NA
"CESBP2016","BP20160050",20162139,NA,"tin can","four cans on their sides, board on them and skateboarding",NA,NA,NA
"CESBP2016","BP20160050",20162140,NA,"tin can","use as dumbbells",NA,NA,NA
"CESBP2016","BP20160051",20162148,NA,"tin can","tap against it for music",NA,NA,NA
"CESBP2016","BP20160051",20162149,NA,"tin can","use as a ball for games such as soccer",NA,NA,NA
"CESBP2016","BP20160051",20162150,NA,"tin can","filming as atmosphere in neighborhood",NA,NA,NA
"CESBP2016","BP20160051",20162151,NA,"tin can","hand training by crumpling",NA,NA,NA
"CESBP2016","BP20160051",20162152,NA,"tin can","pitching",NA,NA,NA
"CESBP2016","BP20160051",20162153,NA,"tin can","wasp trap, a trap",NA,NA,NA
"CESBP2016","BP20160051",20162154,NA,"tin can","in garden against cats",NA,NA,NA
"CESBP2016","BP20160051",20162155,NA,"tin can","sharp, cutting",NA,NA,NA
"CESBP2016","BP20160051",20162156,NA,"tin can","rolling, rolling dough or something else",NA,NA,NA
"CESBP2016","BP20160053",20162182,NA,"tin can","pen holder",NA,NA,NA
"CESBP2016","BP20160053",20162183,NA,"tin can","father's day gift",NA,NA,NA
"CESBP2016","BP20160053",20162184,NA,"tin can","decorate",NA,NA,NA
"CESBP2016","BP20160002",20167305,NA,"tin can","pool for ants",NA,NA,NA
"CESBP2016","BP20160002",20167306,NA,"tin can","pen holder",NA,NA,NA
"CESBP2016","BP20160002",20167307,NA,"tin can","tab off",NA,NA,NA
"CESBP2016","BP20160002",20167308,NA,"tin can","camera tripod",NA,NA,NA
"CESBP2016","BP20160002",20167309,NA,"tin can","ice hockey puck",NA,NA,NA
"CESBP2016","BP20160002",20167310,NA,"tin can","magnet testing",NA,NA,NA
"CESBP2016","BP20160002",20167311,NA,"tin can","collect",NA,NA,NA
"CESBP2016","BP20160002",20167312,NA,"tin can","stacking",NA,NA,NA
"CESBP2016","BP20160002",20167313,NA,"tin can","hat",NA,NA,NA
"CESBP2016","BP20160002",20167314,NA,"tin can","from drinking",NA,NA,NA
"CESBP2016","BP20160002",20167315,NA,"tin can","wallpaper",NA,NA,NA
"CESBP2016","BP20160002",20167316,NA,"tin can","rolls",NA,NA,NA
"CESBP2016","BP20160002",20167317,NA,"tin can","money box",NA,NA,NA
"CESBP2016","BP20160002",20167318,NA,"tin can","seat cover",NA,NA,NA
"CESBP2016","BP20160002",20167319,NA,"tin can","reflector on bicycle",NA,NA,NA
"CESBP2016","BP20160002",20167320,NA,"tin can","ashtray",NA,NA,NA
